2002,2003,2004,2005,2006,2007,2008,2009,2010,2011,2012,2013,2014,2015,2016,2017,2018,2019,2020,2021
homepage*.nifty.com,d.hatena.ne.jp,d.hatena.ne.jp,d.hatena.ne.jp,d.hatena.ne.jp,d.hatena.ne.jp,d.hatena.ne.jp,d.hatena.ne.jp,ameblo.jp,ameblo.jp,ameblo.jp,ameblo.jp,ameblo.jp,ameblo.jp,ameblo.jp,ameblo.jp,ameblo.jp,ameblo.jp,ameblo.jp,ameblo.jp
www*.plala.or.jp,homepage*.nifty.com,blog.livedoor.jp,blog.livedoor.jp,blog.livedoor.jp,blog.livedoor.jp,ameblo.jp,ameblo.jp,d.hatena.ne.jp,d.hatena.ne.jp,d.hatena.ne.jp,blog.livedoor.jp,blog.livedoor.jp,blog.livedoor.jp,blog.livedoor.jp,blog.livedoor.jp,ncode.syosetu.com,ncode.syosetu.com,note.com,note.com
www*.biglobe.ne.jp,www.geocities.co.jp,www.geocities.jp,blog.goo.ne.jp,ameblo.jp,ameblo.jp,blog.livedoor.jp,blog.livedoor.jp,blog.livedoor.jp,blog.livedoor.jp,blog.livedoor.jp,d.hatena.ne.jp,blog.goo.ne.jp,ncode.syosetu.com,lineblog.me,ncode.syosetu.com,blog.livedoor.jp,blog.livedoor.jp,blog.goo.ne.jp,ncode.syosetu.com
members.jcom.home.ne.jp,www*.biglobe.ne.jp,homepage*.nifty.com,www.geocities.jp,blog.goo.ne.jp,blog.goo.ne.jp,blog.goo.ne.jp,blog.goo.ne.jp,blog.goo.ne.jp,www.freepe.com,ncode.syosetu.com,blog.goo.ne.jp,ncode.syosetu.com,blog.goo.ne.jp,ncode.syosetu.com,twitter.com,blog.goo.ne.jp,blog.goo.ne.jp,ncode.syosetu.com,blog.goo.ne.jp
www*.ocn.ne.jp,www*.dion.ne.jp,www*.biglobe.ne.jp,ameblo.jp,www.geocities.jp,yaplog.jp,yaplog.jp,blogs.yahoo.co.jp,www.geocities.jp,yaplog.jp,blog.goo.ne.jp,twitter.com,d.hatena.ne.jp,twitter.com,novel.syosetu.org,lineblog.me,syosetu.org,twitter.com,twitter.com,syosetu.org
www.geocities.co.jp,www*.upp.so-net.ne.jp,www*.dion.ne.jp,yaplog.jp,yaplog.jp,www.geocities.jp,blogs.yahoo.co.jp,yaplog.jp,blogs.yahoo.co.jp,plaza.rakuten.co.jp,blogs.yahoo.co.jp,blogs.yahoo.co.jp,blogs.yahoo.co.jp,blogs.yahoo.co.jp,blog.goo.ne.jp,novel.syosetu.org,twitter.com,syosetu.org,syosetu.org,twitter.com
www.*.dti.ne.jp,www*.plala.or.jp,blog.goo.ne.jp,homepage*.nifty.com,plaza.rakuten.co.jp,blogs.yahoo.co.jp,www.geocities.jp,hamusoku.com,yaplog.jp,blogs.yahoo.co.jp,yaplog.jp,ncode.syosetu.com,twitter.com,novel.syosetu.org,twitter.com,blogs.yahoo.co.jp,hkdmzplus.com,note.mu,blog.livedoor.jp,kakuyomu.jp
www*.upp.so-net.ne.jp,www.*.dti.ne.jp,www.geocities.co.jp,plaza.rakuten.co.jp,homepage*.nifty.com,plaza.rakuten.co.jp,plaza.rakuten.co.jp,www.geocities.jp,www.mai-net.net,ncode.syosetu.com,twitter.com,b.hatena.ne.jp,novel.syosetu.org,yaraon-blog.com,b.hatena.ne.jp,blog.goo.ne.jp,comic-walker.com,kakuyomu.jp,kakuyomu.jp,blog.livedoor.jp
www.ne.jp,www.geocities.jp,www*.upp.so-net.ne.jp,www*.dion.ne.jp,blogs.yahoo.co.jp,enikkidemo.com,homepage*.nifty.com,plaza.rakuten.co.jp,ncode.syosetu.com,www.mai-net.net,syosetu.org,plaza.rakuten.co.jp,woodbook.xyz,lineblog.me,kakuyomu.jp,syosetu.org,kakuyomu.jp,kotozare2.exblog.jp,www.mhlw.go.jp,github.com
www.dfnt.net,www.ne.jp,yaplog.jp,www*.biglobe.ne.jp,www*.biglobe.ne.jp,homepage*.nifty.com,www.lifehacker.jp,galaxyheavyblow.web.fc2.com,twitter.com,blog.oricon.co.jp,www.akatsuki-novels.com,novel.syosetu.org,www.facebook.com,d.hatena.ne.jp,blogs.yahoo.co.jp,tonarinoyj.jp,note.mu,webcomicgamma.takeshobo.co.jp,www.youtube.com,www.mhlw.go.jp
www.1101.com,www*.ocn.ne.jp,www*.plala.or.jp,blogs.yahoo.co.jp,blog.so-net.ne.jp,kirik.tea-nifty.com,pigout.blog72.fc2.com,blog.oricon.co.jp,plaza.rakuten.co.jp,www.geocities.jp,,,,,,,,,,
portal.nifty.com,members.jcom.home.ne.jp,logipara.com,blog*.fc2.com,www.gizmodo.jp,labaq.com,blog.excite.co.jp,homepage*.nifty.com,gree.jp,twitter.com,,,,,,,,,,
www.enpitu.ne.jp,x51.org,manabekawori.cocolog-nifty.com,blog.so-net.ne.jp,www*.dion.ne.jp,www*.biglobe.ne.jp,www*.biglobe.ne.jp,ikedanobuo.livedoor.biz,blog.esuteru.com,alfalfalfa.com,,,,,,,,,,
gigazine.net,www.itmedia.co.jp,www*.odn.ne.jp,www.numeri.jp,blog.excite.co.jp,www*.dion.ne.jp,blog.oricon.co.jp,ncode.syosetu.com,yaraon.blog109.fc2.com,dka-hero.com,,,,,,,,,,
slashdot.jp,www*.odn.ne.jp,dancom.jp,blog.drecom.jp,enonikki.blog59.fc2.com,www.karzusp.net,www*.dion.ne.jp,alfalfalfa.com,tbn17.com,mafmaf2.web.fc2.com,,,,,,,,,,
www.tanteifile.com,www.asahi-net.or.jp,www*.ocn.ne.jp,www*.plala.or.jp,www*.plala.or.jp,blog.so-net.ne.jp,wtbw.net,twitter.com,yamakamu.com,ilovecool.web.fc2.com,,,,,,,,,,
www.asahi-net.or.jp,www.sutekienikki.com,blog.tatsuru.com,www*.upp.so-net.ne.jp,indigosong.net,urasoku.blog106.fc2.com,a.hatena.ne.jp,jigokuno.com,homepage*.nifty.com,www.youtube.com,,,,,,,,,,
www.watch.impress.co.jp,www.enpitu.ne.jp,plaza.rakuten.co.jp,news4vip.livedoor.biz,guideline.livedoor.biz,playlog.jp,kyoko-np.net,www.otearai.net,blog.oricon.co.jp,oryouri.2chblog.jp,,,,,,,,,,
www*.dion.ne.jp,finalvent.cocolog-nifty.com,www.*.dti.ne.jp,www.golgo31.net,a.hatena.ne.jp,mainichi.jp,www*.ocn.ne.jp,www*.biglobe.ne.jp,www.nhk.or.jp,nlab.itmedia.co.jp,,,,,,,,,,
www*.odn.ne.jp,members.at.infoseek.co.jp,members.jcom.home.ne.jp,blogs.dion.ne.jp,u-u.2-d.jp,wiredvision.jp,natalie.mu,jin115.com,www*.biglobe.ne.jp,homepage*.nifty.com,,,,,,,,,,
www.musicmachine.jp,*.teacup.com,www.rakugakidou.net,www.geocities.co.jp,www.almostdeadbydawn.com,,,,,,,,,,,,,,,
www.asahi.com,blog.livedoor.jp,www.enpitu.ne.jp,ediaryhiroko.com,www.asks.jp,,,,,,,,,,,,,,,
mother.cside.com,internet.watch.impress.co.jp,takekuma.cocolog-nifty.com,blog.excite.co.jp,www*.upp.so-net.ne.jp,,,,,,,,,,,,,,,
home.att.ne.jp,movie.maeda-y.com,*.teacup.com,a.hatena.ne.jp,blog.drecom.jp,,,,,,,,,,,,,,,
abcdane.net,artifact-jp.com,yaginome.jp,initial-g.jp,blogs.dion.ne.jp,,,,,,,,,,,,,,,
www.100shiki.com,www.fitweb.or.jp,kinako.org,www.yoshidaga.com,tbn2.blog50.fc2.com,,,,,,,,,,,,,,,
www.nikkei.co.jp,pya.cc,www.itmedia.co.jp,*.teacup.com,www.geocities.co.jp,,,,,,,,,,,,,,,
www.din.or.jp,homepage.mac.com,blog.drecom.jp,www*.ocn.ne.jp,www*.ocn.ne.jp,,,,,,,,,,,,,,,
k-tai.impress.co.jp,hw001.gate01.com,www.ne.jp,imihu.blog30.fc2.com,alfalfa.livedoor.biz,,,,,,,,,,,,,,,
www.henjinkutsu.net,www.tanteifile.com,dacafe.petit.cc,www.akibablog.net,*.teacup.com,,,,,,,,,,,,,,,